{"userInstalled": [{"name": "luma", "version": "0.8.17"}], "installed": [{"name": "alembic", "version": "1.0.10"}, {"name": "blinker", "version": "1.4"}, {"name": "boto3", "version": "1.9.137"}, {"name": "botocore", "version": "1.12.137"}, {"name": "certifi", "version": "2019.3.9"}, {"name": "chardet", "version": "3.0.4"}, {"name": "Click", "version": "7.0"}, {"name": "dnspython", "version": "1.16.0"}, {"name": "docker-py", "version": "1.10.6"}, {"name": "docker-pycreds", "version": "0.4.0"}, {"name": "docutils", "version": "0.14"}, {"name": "eventlet", "version": "0.24.1"}, {"name": "Flask", "version": "1.0.2"}, {"name": "Flask-Redis", "version": "0.3.0"}, {"name": "Flask-SQLAlchemy", "version": "2.4.0"}, {"name": "greenlet", "version": "0.4.15"}, {"name": "gunicorn", "version": "19.9.0"}, {"name": "idna", "version": "2.7"}, {"name": "itsdangerous", "version": "1.1.0"}, {"name": "Jinja2", "version": "2.10.1"}, {"name": "jmespath", "version": "0.9.4"}, {"name": "luma", "version": "0.8.17"}, {"name": "Mako", "version": "1.0.9"}, {"name": "MarkupSafe", "version": "1.1.1"}, {"name": "meld3", "version": "1.0.2"}, {"name": "monotonic", "version": "1.5"}, {"name": "pip", "version": "19.1"}, {"name": "psycopg2", "version": "2.8.2"}, {"name": "pycparser", "version": "2.18"}, {"name": "pyparsing", "version": "2.2.0"}, {"name": "python-dateutil", "version": "2.7.3"}, {"name": "python-editor", "version": "1.0.4"}, {"name": "redis", "version": "3.2.1"}, {"name": "requests", "version": "2.19.1"}, {"name": "rollbar", "version": "0.14.7"}, {"name": "s3transfer", "version": "0.2.0"}, {"name": "setuptools", "version": "40.4.3"}, {"name": "six", "version": "1.12.0"}, {"name": "SQLAlchemy", "version": "1.3.3"}, {"name": "SQLAlchemy-Utils", "version": "0.33.11"}, {"name": "supervisor", "version": "4.0.1"}, {"name": "urllib3", "version": "1.23"}, {"name": "websocket-client", "version": "0.56.0"}, {"name": "Werkzeug", "version": "0.15.2"}, {"name": "wheel", "version": "0.32.1"}]}